Number of Variables;12;
Variables:;
0;;this;
1;;quads;
2;;qlen;
3;;currQuad;
4;;ch;
5;;currQuadBytes;
6;;this._inputEnd;
7;;this._inputPtr;
8;;this._inputBuffer;
9;;this._symbols;
10;;codes;
11;;name;

Number of Block duas;278;
Line Duas for method; parseEscapedFieldName;
Number;Def Line; Origin Line; Use Line; Var Id; Var Name;
1;1621;1686;1687;0;this;
2;1621;1686;1691;0;this;
3;1621;;1691;0;this;
4;1621;;1691;0;this;
5;1621;1687;1688;0;this;
6;1621;1687;1691;0;this;
7;1621;;1688;0;this;
8;1621;;1680;0;this;
9;1621;;1634;0;this;
10;1621;;1661;0;this;
11;1621;;1645;0;this;
12;1621;;1631;0;this;
13;1621;;1700;0;this;
14;1621;;1702;0;this;
15;1621;;1696;0;this;
16;1621;1679;1680;1;quads;
17;1621;1679;1682;1;quads;
18;1621;;1682;1;quads;
19;1621;;1680;1;quads;
20;1621;1660;1661;1;quads;
21;1621;1660;1663;1;quads;
22;1621;;1663;1;quads;
23;1621;;1661;1;quads;
24;1621;1644;1645;1;quads;
25;1621;1644;1647;1;quads;
26;1621;;1647;1;quads;
27;1621;;1645;1;quads;
28;1621;;1700;1;quads;
29;1621;;1702;1;quads;
30;1621;1695;1696;1;quads;
31;1621;1695;1698;1;quads;
32;1621;;1698;1;quads;
33;1621;;1696;1;quads;
34;1621;1679;1680;2;qlen;
35;1621;1679;1682;2;qlen;
36;1621;;1682;2;qlen;
37;1621;1660;1661;2;qlen;
38;1621;1660;1663;2;qlen;
39;1621;;1663;2;qlen;
40;1621;1644;1645;2;qlen;
41;1621;1644;1647;2;qlen;
42;1621;;1647;2;qlen;
43;1621;;1700;2;qlen;
44;1621;;1702;2;qlen;
45;1621;1695;1696;2;qlen;
46;1621;1695;1698;2;qlen;
47;1621;;1698;2;qlen;
48;1621;;1682;3;currQuad;
49;1621;;1677;3;currQuad;
50;1621;;1656;3;currQuad;
51;1621;;1652;3;currQuad;
52;1621;;1647;3;currQuad;
53;1621;;1698;3;currQuad;
54;1621;1624;1625;4;ch;
55;1621;1624;1675;4;ch;
56;1621;;1683;4;ch;
57;1621;;1677;4;ch;
58;1621;1625;1626;4;ch;
59;1621;1625;1629;4;ch;
60;1621;1629;1631;4;ch;
61;1621;1629;1634;4;ch;
62;1621;;1631;4;ch;
63;1621;1641;1643;4;ch;
64;1621;1641;1675;4;ch;
65;1621;1651;1652;4;ch;
66;1621;1651;1656;4;ch;
67;1621;;1656;4;ch;
68;1621;;1667;4;ch;
69;1621;;1671;4;ch;
70;1621;;1652;4;ch;
71;1621;1675;1676;5;currQuadBytes;
72;1621;1675;1679;5;currQuadBytes;
73;1621;;1676;5;currQuadBytes;
74;1621;1643;1644;5;currQuadBytes;
75;1621;1643;1651;5;currQuadBytes;
76;1621;;1657;5;currQuadBytes;
77;1621;;1653;5;currQuadBytes;
78;1621;1694;1695;5;currQuadBytes;
79;1621;1694;1700;5;currQuadBytes;
80;1621;;1702;5;currQuadBytes;
81;1621;1686;1687;9;this._inputEnd;
82;1621;1686;1691;9;this._inputEnd;
83;1621;1686;1687;10;this._inputPtr;
84;1621;1686;1691;10;this._inputPtr;
85;1621;;1691;10;this._inputPtr;
86;1621;;1691;11;this._inputBuffer;
87;1621;;1700;13;this._symbols;
88;1621;1624;1625;6;codes;
89;1621;1624;1675;6;codes;
90;1634;1641;1643;4;ch;
91;1634;1641;1675;4;ch;
92;1634;;1683;4;ch;
93;1634;;1677;4;ch;
94;1634;1651;1652;4;ch;
95;1634;1651;1656;4;ch;
96;1634;;1656;4;ch;
97;1634;;1667;4;ch;
98;1634;;1671;4;ch;
99;1634;;1652;4;ch;
100;1645;;1647;1;quads;
101;1645;1679;1680;1;quads;
102;1645;1679;1682;1;quads;
103;1645;;1682;1;quads;
104;1645;1644;1645;1;quads;
105;1645;1644;1647;1;quads;
106;1645;;1645;1;quads;
107;1645;;1700;1;quads;
108;1645;;1702;1;quads;
109;1645;1695;1696;1;quads;
110;1645;1695;1698;1;quads;
111;1645;;1698;1;quads;
112;1645;;1696;1;quads;
113;1645;;1680;1;quads;
114;1645;1660;1661;1;quads;
115;1645;1660;1663;1;quads;
116;1645;;1663;1;quads;
117;1645;;1661;1;quads;
118;1647;1679;1680;2;qlen;
119;1647;1679;1682;2;qlen;
120;1647;;1682;2;qlen;
121;1647;1644;1645;2;qlen;
122;1647;1644;1647;2;qlen;
123;1647;;1647;2;qlen;
124;1647;;1700;2;qlen;
125;1647;;1702;2;qlen;
126;1647;1695;1696;2;qlen;
127;1647;1695;1698;2;qlen;
128;1647;;1698;2;qlen;
129;1647;1660;1661;2;qlen;
130;1647;1660;1663;2;qlen;
131;1647;;1663;2;qlen;
132;1648;;1656;3;currQuad;
133;1648;;1652;3;currQuad;
134;1649;;1657;5;currQuadBytes;
135;1649;;1653;5;currQuadBytes;
136;1652;;1682;3;currQuad;
137;1652;;1677;3;currQuad;
138;1653;1675;1676;5;currQuadBytes;
139;1653;1675;1679;5;currQuadBytes;
140;1653;;1676;5;currQuadBytes;
141;1656;;1667;3;currQuad;
142;1656;;1663;3;currQuad;
143;1657;1659;1660;5;currQuadBytes;
144;1657;1659;1667;5;currQuadBytes;
145;1657;;1668;5;currQuadBytes;
146;1661;;1663;1;quads;
147;1661;1679;1680;1;quads;
148;1661;1679;1682;1;quads;
149;1661;;1682;1;quads;
150;1661;1660;1661;1;quads;
151;1661;1660;1663;1;quads;
152;1661;;1661;1;quads;
153;1661;1644;1645;1;quads;
154;1661;1644;1647;1;quads;
155;1661;;1647;1;quads;
156;1661;;1645;1;quads;
157;1661;;1700;1;quads;
158;1661;;1702;1;quads;
159;1661;1695;1696;1;quads;
160;1661;1695;1698;1;quads;
161;1661;;1698;1;quads;
162;1661;;1696;1;quads;
163;1661;;1680;1;quads;
164;1663;1679;1680;2;qlen;
165;1663;1679;1682;2;qlen;
166;1663;;1682;2;qlen;
167;1663;1660;1661;2;qlen;
168;1663;1660;1663;2;qlen;
169;1663;;1663;2;qlen;
170;1663;1644;1645;2;qlen;
171;1663;1644;1647;2;qlen;
172;1663;;1647;2;qlen;
173;1663;;1700;2;qlen;
174;1663;;1702;2;qlen;
175;1663;1695;1696;2;qlen;
176;1663;1695;1698;2;qlen;
177;1663;;1698;2;qlen;
178;1664;;1667;3;currQuad;
179;1665;;1668;5;currQuadBytes;
180;1667;;1682;3;currQuad;
181;1667;;1677;3;currQuad;
182;1668;1675;1676;5;currQuadBytes;
183;1668;1675;1679;5;currQuadBytes;
184;1668;;1676;5;currQuadBytes;
185;1671;;1683;4;ch;
186;1671;;1677;4;ch;
187;1676;1675;1676;5;currQuadBytes;
188;1676;1675;1679;5;currQuadBytes;
189;1676;;1676;5;currQuadBytes;
190;1676;1643;1644;5;currQuadBytes;
191;1676;1643;1651;5;currQuadBytes;
192;1676;;1657;5;currQuadBytes;
193;1676;;1653;5;currQuadBytes;
194;1676;1694;1695;5;currQuadBytes;
195;1676;1694;1700;5;currQuadBytes;
196;1676;;1702;5;currQuadBytes;
197;1677;;1682;3;currQuad;
198;1677;;1677;3;currQuad;
199;1677;;1656;3;currQuad;
200;1677;;1652;3;currQuad;
201;1677;;1647;3;currQuad;
202;1677;;1698;3;currQuad;
203;1680;;1682;1;quads;
204;1680;1679;1680;1;quads;
205;1680;1679;1682;1;quads;
206;1680;;1680;1;quads;
207;1680;1660;1661;1;quads;
208;1680;1660;1663;1;quads;
209;1680;;1663;1;quads;
210;1680;;1661;1;quads;
211;1680;1644;1645;1;quads;
212;1680;1644;1647;1;quads;
213;1680;;1647;1;quads;
214;1680;;1645;1;quads;
215;1680;;1700;1;quads;
216;1680;;1702;1;quads;
217;1680;1695;1696;1;quads;
218;1680;1695;1698;1;quads;
219;1680;;1698;1;quads;
220;1680;;1696;1;quads;
221;1682;1679;1680;2;qlen;
222;1682;1679;1682;2;qlen;
223;1682;;1682;2;qlen;
224;1682;1660;1661;2;qlen;
225;1682;1660;1663;2;qlen;
226;1682;;1663;2;qlen;
227;1682;1644;1645;2;qlen;
228;1682;1644;1647;2;qlen;
229;1682;;1647;2;qlen;
230;1682;;1700;2;qlen;
231;1682;;1702;2;qlen;
232;1682;1695;1696;2;qlen;
233;1682;1695;1698;2;qlen;
234;1682;;1698;2;qlen;
235;1683;;1682;3;currQuad;
236;1683;;1677;3;currQuad;
237;1683;;1656;3;currQuad;
238;1683;;1652;3;currQuad;
239;1683;;1647;3;currQuad;
240;1683;;1698;3;currQuad;
241;1684;1675;1676;5;currQuadBytes;
242;1684;1675;1679;5;currQuadBytes;
243;1684;;1676;5;currQuadBytes;
244;1684;1643;1644;5;currQuadBytes;
245;1684;1643;1651;5;currQuadBytes;
246;1684;;1657;5;currQuadBytes;
247;1684;;1653;5;currQuadBytes;
248;1684;1694;1695;5;currQuadBytes;
249;1684;1694;1700;5;currQuadBytes;
250;1684;;1702;5;currQuadBytes;
251;1691;1686;1687;10;this._inputPtr;
252;1691;1686;1691;10;this._inputPtr;
253;1691;;1691;10;this._inputPtr;
254;1691;1624;1625;4;ch;
255;1691;1624;1675;4;ch;
256;1691;;1683;4;ch;
257;1691;;1677;4;ch;
258;1691;1625;1626;4;ch;
259;1691;1625;1629;4;ch;
260;1691;1629;1631;4;ch;
261;1691;1629;1634;4;ch;
262;1691;;1631;4;ch;
263;1691;1641;1643;4;ch;
264;1691;1641;1675;4;ch;
265;1691;1651;1652;4;ch;
266;1691;1651;1656;4;ch;
267;1691;;1656;4;ch;
268;1691;;1667;4;ch;
269;1691;;1671;4;ch;
270;1691;;1652;4;ch;
271;1696;;1698;1;quads;
272;1696;;1700;1;quads;
273;1696;;1702;1;quads;
274;1698;;1700;2;qlen;
275;1698;;1702;2;qlen;
276;1700;1701;1702;12;name;
277;1700;1701;1704;12;name;
278;1700;;1704;12;name;
279;1702;;1704;12;name;

Block Duas for method; parseEscapedFieldName;
Number;Def Block; Origin Block; Use Block; Var Id; Var Name;
1;0;5;7;0;this;
;1621;1686;1687;0;this;
2;0;5;6;0;this;
;1621;1686;1691;0;this;
3;0;;6;0;this;
;1621;;1691;0;this;
;1621;;1691;0;this;
4;0;7;8;0;this;
;1621;1687;1688;0;this;
5;0;7;6;0;this;
;1621;1687;1691;0;this;
6;0;;8;0;this;
;1621;;1688;0;this;
7;0;;9;0;this;
;1621;;1680;0;this;
8;0;;13;0;this;
;1621;;1634;0;this;
9;0;;22;0;this;
;1621;;1661;0;this;
10;0;;26;0;this;
;1621;;1645;0;this;
11;0;;27;0;this;
;1621;;1631;0;this;
12;0;;29;0;this;
;1621;;1700;0;this;
13;0;;31;0;this;
;1621;;1702;0;this;
14;0;;34;0;this;
;1621;;1696;0;this;
15;0;3;9;1;quads;
;1621;1679;1680;1;quads;
16;0;3;4;1;quads;
;1621;1679;1682;1;quads;
17;0;;4;1;quads;
;1621;;1682;1;quads;
18;0;;9;1;quads;
;1621;;1680;1;quads;
19;0;20;22;1;quads;
;1621;1660;1661;1;quads;
20;0;20;21;1;quads;
;1621;1660;1663;1;quads;
21;0;;21;1;quads;
;1621;;1663;1;quads;
22;0;;22;1;quads;
;1621;;1661;1;quads;
23;0;24;26;1;quads;
;1621;1644;1645;1;quads;
24;0;24;25;1;quads;
;1621;1644;1647;1;quads;
25;0;;25;1;quads;
;1621;;1647;1;quads;
26;0;;26;1;quads;
;1621;;1645;1;quads;
27;0;;29;1;quads;
;1621;;1700;1;quads;
28;0;;31;1;quads;
;1621;;1702;1;quads;
29;0;32;34;1;quads;
;1621;1695;1696;1;quads;
30;0;32;33;1;quads;
;1621;1695;1698;1;quads;
31;0;;33;1;quads;
;1621;;1698;1;quads;
32;0;;34;1;quads;
;1621;;1696;1;quads;
33;0;3;9;2;qlen;
;1621;1679;1680;2;qlen;
34;0;3;4;2;qlen;
;1621;1679;1682;2;qlen;
35;0;;4;2;qlen;
;1621;;1682;2;qlen;
36;0;20;22;2;qlen;
;1621;1660;1661;2;qlen;
37;0;20;21;2;qlen;
;1621;1660;1663;2;qlen;
38;0;;21;2;qlen;
;1621;;1663;2;qlen;
39;0;24;26;2;qlen;
;1621;1644;1645;2;qlen;
40;0;24;25;2;qlen;
;1621;1644;1647;2;qlen;
41;0;;25;2;qlen;
;1621;;1647;2;qlen;
42;0;;29;2;qlen;
;1621;;1700;2;qlen;
43;0;;31;2;qlen;
;1621;;1702;2;qlen;
44;0;32;34;2;qlen;
;1621;1695;1696;2;qlen;
45;0;32;33;2;qlen;
;1621;1695;1698;2;qlen;
46;0;;33;2;qlen;
;1621;;1698;2;qlen;
47;0;;4;3;currQuad;
;1621;;1682;3;currQuad;
48;0;;10;3;currQuad;
;1621;;1677;3;currQuad;
49;0;;17;3;currQuad;
;1621;;1656;3;currQuad;
50;0;;23;3;currQuad;
;1621;;1652;3;currQuad;
51;0;;25;3;currQuad;
;1621;;1647;3;currQuad;
52;0;;33;3;currQuad;
;1621;;1698;3;currQuad;
53;0;1;11;4;ch;
;1621;1624;1625;4;ch;
54;0;1;2;4;ch;
;1621;1624;1675;4;ch;
55;0;;4;4;ch;
;1621;;1683;4;ch;
56;0;;10;4;ch;
;1621;;1677;4;ch;
57;0;11;28;4;ch;
;1621;1625;1626;4;ch;
58;0;11;12;4;ch;
;1621;1625;1629;4;ch;
59;0;12;27;4;ch;
;1621;1629;1631;4;ch;
60;0;12;13;4;ch;
;1621;1629;1634;4;ch;
61;0;;27;4;ch;
;1621;;1631;4;ch;
62;0;14;15;4;ch;
;1621;1641;1643;4;ch;
63;0;14;2;4;ch;
;1621;1641;1675;4;ch;
64;0;16;23;4;ch;
;1621;1651;1652;4;ch;
65;0;16;17;4;ch;
;1621;1651;1656;4;ch;
66;0;;17;4;ch;
;1621;;1656;4;ch;
67;0;;18;4;ch;
;1621;;1667;4;ch;
68;0;;19;4;ch;
;1621;;1671;4;ch;
69;0;;23;4;ch;
;1621;;1652;4;ch;
70;0;2;10;5;currQuadBytes;
;1621;1675;1676;5;currQuadBytes;
71;0;2;3;5;currQuadBytes;
;1621;1675;1679;5;currQuadBytes;
72;0;;10;5;currQuadBytes;
;1621;;1676;5;currQuadBytes;
73;0;15;24;5;currQuadBytes;
;1621;1643;1644;5;currQuadBytes;
74;0;15;16;5;currQuadBytes;
;1621;1643;1651;5;currQuadBytes;
75;0;;17;5;currQuadBytes;
;1621;;1657;5;currQuadBytes;
76;0;;23;5;currQuadBytes;
;1621;;1653;5;currQuadBytes;
77;0;28;32;5;currQuadBytes;
;1621;1694;1695;5;currQuadBytes;
78;0;28;29;5;currQuadBytes;
;1621;1694;1700;5;currQuadBytes;
79;0;;31;5;currQuadBytes;
;1621;;1702;5;currQuadBytes;
80;0;5;7;6;this._inputEnd;
;1621;1686;1687;9;this._inputEnd;
81;0;5;6;6;this._inputEnd;
;1621;1686;1691;9;this._inputEnd;
82;0;5;7;7;this._inputPtr;
;1621;1686;1687;10;this._inputPtr;
83;0;5;6;7;this._inputPtr;
;1621;1686;1691;10;this._inputPtr;
84;0;;6;7;this._inputPtr;
;1621;;1691;10;this._inputPtr;
85;0;;6;8;this._inputBuffer;
;1621;;1691;11;this._inputBuffer;
86;0;;29;9;this._symbols;
;1621;;1700;13;this._symbols;
87;0;1;11;10;codes;
;1621;1624;1625;6;codes;
88;0;1;2;10;codes;
;1621;1624;1675;6;codes;
89;13;14;15;4;ch;
;1634;1641;1643;4;ch;
90;13;14;2;4;ch;
;1634;1641;1675;4;ch;
91;13;;4;4;ch;
;1634;;1683;4;ch;
92;13;;10;4;ch;
;1634;;1677;4;ch;
93;13;16;23;4;ch;
;1634;1651;1652;4;ch;
94;13;16;17;4;ch;
;1634;1651;1656;4;ch;
95;13;;17;4;ch;
;1634;;1656;4;ch;
96;13;;18;4;ch;
;1634;;1667;4;ch;
97;13;;19;4;ch;
;1634;;1671;4;ch;
98;13;;23;4;ch;
;1634;;1652;4;ch;
99;26;;25;1;quads;
;1645;;1647;1;quads;
100;26;3;9;1;quads;
;1645;1679;1680;1;quads;
101;26;3;4;1;quads;
;1645;1679;1682;1;quads;
102;26;;4;1;quads;
;1645;;1682;1;quads;
103;26;24;26;1;quads;
;1645;1644;1645;1;quads;
104;26;24;25;1;quads;
;1645;1644;1647;1;quads;
105;26;;26;1;quads;
;1645;;1645;1;quads;
106;26;;29;1;quads;
;1645;;1700;1;quads;
107;26;;31;1;quads;
;1645;;1702;1;quads;
108;26;32;34;1;quads;
;1645;1695;1696;1;quads;
109;26;32;33;1;quads;
;1645;1695;1698;1;quads;
110;26;;33;1;quads;
;1645;;1698;1;quads;
111;26;;34;1;quads;
;1645;;1696;1;quads;
112;26;;9;1;quads;
;1645;;1680;1;quads;
113;26;20;22;1;quads;
;1645;1660;1661;1;quads;
114;26;20;21;1;quads;
;1645;1660;1663;1;quads;
115;26;;21;1;quads;
;1645;;1663;1;quads;
116;26;;22;1;quads;
;1645;;1661;1;quads;
117;25;3;9;2;qlen;
;1647;1679;1680;2;qlen;
118;25;3;4;2;qlen;
;1647;1679;1682;2;qlen;
119;25;;4;2;qlen;
;1647;;1682;2;qlen;
120;25;24;26;2;qlen;
;1647;1644;1645;2;qlen;
121;25;24;25;2;qlen;
;1647;1644;1647;2;qlen;
122;25;;25;2;qlen;
;1647;;1647;2;qlen;
123;25;;29;2;qlen;
;1647;;1700;2;qlen;
124;25;;31;2;qlen;
;1647;;1702;2;qlen;
125;25;32;34;2;qlen;
;1647;1695;1696;2;qlen;
126;25;32;33;2;qlen;
;1647;1695;1698;2;qlen;
127;25;;33;2;qlen;
;1647;;1698;2;qlen;
128;25;20;22;2;qlen;
;1647;1660;1661;2;qlen;
129;25;20;21;2;qlen;
;1647;1660;1663;2;qlen;
130;25;;21;2;qlen;
;1647;;1663;2;qlen;
131;25;;17;3;currQuad;
;1648;;1656;3;currQuad;
132;25;;23;3;currQuad;
;1648;;1652;3;currQuad;
133;25;;17;5;currQuadBytes;
;1649;;1657;5;currQuadBytes;
134;25;;23;5;currQuadBytes;
;1649;;1653;5;currQuadBytes;
135;23;;4;3;currQuad;
;1652;;1682;3;currQuad;
136;23;;10;3;currQuad;
;1652;;1677;3;currQuad;
137;23;2;10;5;currQuadBytes;
;1653;1675;1676;5;currQuadBytes;
138;23;2;3;5;currQuadBytes;
;1653;1675;1679;5;currQuadBytes;
139;23;;10;5;currQuadBytes;
;1653;;1676;5;currQuadBytes;
140;17;;18;3;currQuad;
;1656;;1667;3;currQuad;
141;17;;21;3;currQuad;
;1656;;1663;3;currQuad;
142;17;17;20;5;currQuadBytes;
;1657;1659;1660;5;currQuadBytes;
143;17;17;18;5;currQuadBytes;
;1657;1659;1667;5;currQuadBytes;
144;17;;18;5;currQuadBytes;
;1657;;1668;5;currQuadBytes;
145;22;;21;1;quads;
;1661;;1663;1;quads;
146;22;3;9;1;quads;
;1661;1679;1680;1;quads;
147;22;3;4;1;quads;
;1661;1679;1682;1;quads;
148;22;;4;1;quads;
;1661;;1682;1;quads;
149;22;20;22;1;quads;
;1661;1660;1661;1;quads;
150;22;20;21;1;quads;
;1661;1660;1663;1;quads;
151;22;;22;1;quads;
;1661;;1661;1;quads;
152;22;24;26;1;quads;
;1661;1644;1645;1;quads;
153;22;24;25;1;quads;
;1661;1644;1647;1;quads;
154;22;;25;1;quads;
;1661;;1647;1;quads;
155;22;;26;1;quads;
;1661;;1645;1;quads;
156;22;;29;1;quads;
;1661;;1700;1;quads;
157;22;;31;1;quads;
;1661;;1702;1;quads;
158;22;32;34;1;quads;
;1661;1695;1696;1;quads;
159;22;32;33;1;quads;
;1661;1695;1698;1;quads;
160;22;;33;1;quads;
;1661;;1698;1;quads;
161;22;;34;1;quads;
;1661;;1696;1;quads;
162;22;;9;1;quads;
;1661;;1680;1;quads;
163;21;3;9;2;qlen;
;1663;1679;1680;2;qlen;
164;21;3;4;2;qlen;
;1663;1679;1682;2;qlen;
165;21;;4;2;qlen;
;1663;;1682;2;qlen;
166;21;20;22;2;qlen;
;1663;1660;1661;2;qlen;
167;21;20;21;2;qlen;
;1663;1660;1663;2;qlen;
168;21;;21;2;qlen;
;1663;;1663;2;qlen;
169;21;24;26;2;qlen;
;1663;1644;1645;2;qlen;
170;21;24;25;2;qlen;
;1663;1644;1647;2;qlen;
171;21;;25;2;qlen;
;1663;;1647;2;qlen;
172;21;;29;2;qlen;
;1663;;1700;2;qlen;
173;21;;31;2;qlen;
;1663;;1702;2;qlen;
174;21;32;34;2;qlen;
;1663;1695;1696;2;qlen;
175;21;32;33;2;qlen;
;1663;1695;1698;2;qlen;
176;21;;33;2;qlen;
;1663;;1698;2;qlen;
177;21;;18;3;currQuad;
;1664;;1667;3;currQuad;
178;21;;18;5;currQuadBytes;
;1665;;1668;5;currQuadBytes;
179;18;;4;3;currQuad;
;1667;;1682;3;currQuad;
180;18;;10;3;currQuad;
;1667;;1677;3;currQuad;
181;18;2;10;5;currQuadBytes;
;1668;1675;1676;5;currQuadBytes;
182;18;2;3;5;currQuadBytes;
;1668;1675;1679;5;currQuadBytes;
183;18;;10;5;currQuadBytes;
;1668;;1676;5;currQuadBytes;
184;19;;4;4;ch;
;1671;;1683;4;ch;
185;19;;10;4;ch;
;1671;;1677;4;ch;
186;10;2;10;5;currQuadBytes;
;1676;1675;1676;5;currQuadBytes;
187;10;2;3;5;currQuadBytes;
;1676;1675;1679;5;currQuadBytes;
188;10;;10;5;currQuadBytes;
;1676;;1676;5;currQuadBytes;
189;10;15;24;5;currQuadBytes;
;1676;1643;1644;5;currQuadBytes;
190;10;15;16;5;currQuadBytes;
;1676;1643;1651;5;currQuadBytes;
191;10;;17;5;currQuadBytes;
;1676;;1657;5;currQuadBytes;
192;10;;23;5;currQuadBytes;
;1676;;1653;5;currQuadBytes;
193;10;28;32;5;currQuadBytes;
;1676;1694;1695;5;currQuadBytes;
194;10;28;29;5;currQuadBytes;
;1676;1694;1700;5;currQuadBytes;
195;10;;31;5;currQuadBytes;
;1676;;1702;5;currQuadBytes;
196;10;;4;3;currQuad;
;1677;;1682;3;currQuad;
197;10;;10;3;currQuad;
;1677;;1677;3;currQuad;
198;10;;17;3;currQuad;
;1677;;1656;3;currQuad;
199;10;;23;3;currQuad;
;1677;;1652;3;currQuad;
200;10;;25;3;currQuad;
;1677;;1647;3;currQuad;
201;10;;33;3;currQuad;
;1677;;1698;3;currQuad;
202;9;;4;1;quads;
;1680;;1682;1;quads;
203;9;3;9;1;quads;
;1680;1679;1680;1;quads;
204;9;3;4;1;quads;
;1680;1679;1682;1;quads;
205;9;;9;1;quads;
;1680;;1680;1;quads;
206;9;20;22;1;quads;
;1680;1660;1661;1;quads;
207;9;20;21;1;quads;
;1680;1660;1663;1;quads;
208;9;;21;1;quads;
;1680;;1663;1;quads;
209;9;;22;1;quads;
;1680;;1661;1;quads;
210;9;24;26;1;quads;
;1680;1644;1645;1;quads;
211;9;24;25;1;quads;
;1680;1644;1647;1;quads;
212;9;;25;1;quads;
;1680;;1647;1;quads;
213;9;;26;1;quads;
;1680;;1645;1;quads;
214;9;;29;1;quads;
;1680;;1700;1;quads;
215;9;;31;1;quads;
;1680;;1702;1;quads;
216;9;32;34;1;quads;
;1680;1695;1696;1;quads;
217;9;32;33;1;quads;
;1680;1695;1698;1;quads;
218;9;;33;1;quads;
;1680;;1698;1;quads;
219;9;;34;1;quads;
;1680;;1696;1;quads;
220;4;3;9;2;qlen;
;1682;1679;1680;2;qlen;
221;4;3;4;2;qlen;
;1682;1679;1682;2;qlen;
222;4;;4;2;qlen;
;1682;;1682;2;qlen;
223;4;20;22;2;qlen;
;1682;1660;1661;2;qlen;
224;4;20;21;2;qlen;
;1682;1660;1663;2;qlen;
225;4;;21;2;qlen;
;1682;;1663;2;qlen;
226;4;24;26;2;qlen;
;1682;1644;1645;2;qlen;
227;4;24;25;2;qlen;
;1682;1644;1647;2;qlen;
228;4;;25;2;qlen;
;1682;;1647;2;qlen;
229;4;;29;2;qlen;
;1682;;1700;2;qlen;
230;4;;31;2;qlen;
;1682;;1702;2;qlen;
231;4;32;34;2;qlen;
;1682;1695;1696;2;qlen;
232;4;32;33;2;qlen;
;1682;1695;1698;2;qlen;
233;4;;33;2;qlen;
;1682;;1698;2;qlen;
234;4;;4;3;currQuad;
;1683;;1682;3;currQuad;
235;4;;10;3;currQuad;
;1683;;1677;3;currQuad;
236;4;;17;3;currQuad;
;1683;;1656;3;currQuad;
237;4;;23;3;currQuad;
;1683;;1652;3;currQuad;
238;4;;25;3;currQuad;
;1683;;1647;3;currQuad;
239;4;;33;3;currQuad;
;1683;;1698;3;currQuad;
240;4;2;10;5;currQuadBytes;
;1684;1675;1676;5;currQuadBytes;
241;4;2;3;5;currQuadBytes;
;1684;1675;1679;5;currQuadBytes;
242;4;;10;5;currQuadBytes;
;1684;;1676;5;currQuadBytes;
243;4;15;24;5;currQuadBytes;
;1684;1643;1644;5;currQuadBytes;
244;4;15;16;5;currQuadBytes;
;1684;1643;1651;5;currQuadBytes;
245;4;;17;5;currQuadBytes;
;1684;;1657;5;currQuadBytes;
246;4;;23;5;currQuadBytes;
;1684;;1653;5;currQuadBytes;
247;4;28;32;5;currQuadBytes;
;1684;1694;1695;5;currQuadBytes;
248;4;28;29;5;currQuadBytes;
;1684;1694;1700;5;currQuadBytes;
249;4;;31;5;currQuadBytes;
;1684;;1702;5;currQuadBytes;
250;6;5;7;7;this._inputPtr;
;1691;1686;1687;10;this._inputPtr;
251;6;5;6;7;this._inputPtr;
;1691;1686;1691;10;this._inputPtr;
252;6;;6;7;this._inputPtr;
;1691;;1691;10;this._inputPtr;
253;6;1;11;4;ch;
;1691;1624;1625;4;ch;
254;6;1;2;4;ch;
;1691;1624;1675;4;ch;
255;6;;4;4;ch;
;1691;;1683;4;ch;
256;6;;10;4;ch;
;1691;;1677;4;ch;
257;6;11;28;4;ch;
;1691;1625;1626;4;ch;
258;6;11;12;4;ch;
;1691;1625;1629;4;ch;
259;6;12;27;4;ch;
;1691;1629;1631;4;ch;
260;6;12;13;4;ch;
;1691;1629;1634;4;ch;
261;6;;27;4;ch;
;1691;;1631;4;ch;
262;6;14;15;4;ch;
;1691;1641;1643;4;ch;
263;6;14;2;4;ch;
;1691;1641;1675;4;ch;
264;6;16;23;4;ch;
;1691;1651;1652;4;ch;
265;6;16;17;4;ch;
;1691;1651;1656;4;ch;
266;6;;17;4;ch;
;1691;;1656;4;ch;
267;6;;18;4;ch;
;1691;;1667;4;ch;
268;6;;19;4;ch;
;1691;;1671;4;ch;
269;6;;23;4;ch;
;1691;;1652;4;ch;
270;34;;33;1;quads;
;1696;;1698;1;quads;
271;34;;29;1;quads;
;1696;;1700;1;quads;
272;34;;31;1;quads;
;1696;;1702;1;quads;
273;33;;29;2;qlen;
;1698;;1700;2;qlen;
274;33;;31;2;qlen;
;1698;;1702;2;qlen;
275;29;29;31;11;name;
;1700;1701;1702;12;name;
276;29;29;30;11;name;
;1700;1701;1704;12;name;
277;29;;30;11;name;
;1700;;1704;12;name;
278;31;;30;11;name;
;1702;;1704;12;name;
