Number of Variables;22;
Variables:;
0;;this;
1;;FIELD_NAME;
2;;this._currToken;
3;;this._tokenIncomplete;
4;;this._currInputProcessed;
5;;this._inputPtr;
6;;this._currInputRow;
7;;this._currInputRowStart;
8;;this._parsingContext;
9;;END_ARRAY;
10;;END_OBJECT;
11;;VALUE_STRING;
12;;START_ARRAY;
13;;START_OBJECT;
14;;VALUE_TRUE;
15;;VALUE_FALSE;
16;;VALUE_NULL;
17;;i;
18;;this._tokenInputRow;
19;;this._tokenInputCol;
20;;inObject;
21;;t;

Number of Block duas;150;
Line Duas for method; nextToken;
Number;Def Line; Origin Line; Use Line; Var Id; Var Name;
1;541;547;548;0;this;
2;541;547;550;0;this;
3;541;550;551;0;this;
4;541;550;553;0;this;
5;541;;553;0;this;
6;541;;565;0;this;
7;541;;566;0;this;
8;541;;567;0;this;
9;541;;570;0;this;
10;541;589;590;0;this;
11;541;589;600;0;this;
12;541;;600;0;this;
13;541;;678;0;this;
14;541;;675;0;this;
15;541;;676;0;this;
16;541;;630;0;this;
17;541;;640;0;this;
18;541;;648;0;this;
19;541;;644;0;this;
20;541;;638;0;this;
21;541;;624;0;this;
22;541;;667;0;this;
23;541;;619;0;this;
24;541;;670;0;this;
25;541;;603;0;this;
26;541;;604;0;this;
27;541;;605;0;this;
28;541;;606;0;this;
29;541;;610;0;this;
30;541;;608;0;this;
31;541;;593;0;this;
32;541;;591;0;this;
33;541;581;582;0;this;
34;541;581;584;0;this;
35;541;;584;0;this;
36;541;;585;0;this;
37;541;;582;0;this;
38;541;574;575;0;this;
39;541;574;577;0;this;
40;541;;577;0;this;
41;541;;578;0;this;
42;541;;575;0;this;
43;541;;558;0;this;
44;541;;559;0;this;
45;541;;551;0;this;
46;541;;548;0;this;
47;541;547;548;2;FIELD_NAME;
48;541;547;550;2;FIELD_NAME;
49;541;;605;2;FIELD_NAME;
50;541;547;548;3;this._currToken;
51;541;547;550;3;this._currToken;
52;541;;676;3;this._currToken;
53;541;550;551;4;this._tokenIncomplete;
54;541;550;553;4;this._tokenIncomplete;
55;541;;565;7;this._currInputProcessed;
56;541;;565;8;this._inputPtr;
57;541;;567;8;this._inputPtr;
58;541;;566;10;this._currInputRow;
59;541;;567;12;this._currInputRowStart;
60;541;589;590;14;this._parsingContext;
61;541;589;600;14;this._parsingContext;
62;541;;600;14;this._parsingContext;
63;541;;630;14;this._parsingContext;
64;541;;624;14;this._parsingContext;
65;541;;604;14;this._parsingContext;
66;541;;591;14;this._parsingContext;
67;541;581;582;14;this._parsingContext;
68;541;581;584;14;this._parsingContext;
69;541;;584;14;this._parsingContext;
70;541;574;575;14;this._parsingContext;
71;541;574;577;14;this._parsingContext;
72;541;;577;14;this._parsingContext;
73;541;;578;15;END_ARRAY;
74;541;;578;15;END_ARRAY;
75;541;;585;16;END_OBJECT;
76;541;;585;16;END_OBJECT;
77;541;;620;19;VALUE_STRING;
78;541;;626;20;START_ARRAY;
79;541;;632;21;START_OBJECT;
80;541;;641;22;VALUE_TRUE;
81;541;;645;23;VALUE_FALSE;
82;541;;649;24;VALUE_NULL;
83;553;554;558;5;i;
84;553;554;565;5;i;
85;553;573;574;5;i;
86;553;573;580;5;i;
87;553;580;581;5;i;
88;553;580;589;5;i;
89;553;617;670;5;i;
90;553;617;619;5;i;
91;553;617;667;5;i;
92;553;617;623;5;i;
93;553;617;638;5;i;
94;553;617;644;5;i;
95;553;617;648;5;i;
96;553;617;640;5;i;
97;553;617;629;5;i;
98;553;;638;5;i;
99;553;;667;5;i;
100;553;;670;5;i;
101;553;;603;5;i;
102;553;590;591;5;i;
103;553;590;593;5;i;
104;553;;591;5;i;
105;553;;582;5;i;
106;553;;575;5;i;
107;566;;630;9;this._tokenInputRow;
108;566;;624;9;this._tokenInputRow;
109;567;;630;11;this._tokenInputCol;
110;567;;624;11;this._tokenInputCol;
111;593;617;670;5;i;
112;593;617;619;5;i;
113;593;617;667;5;i;
114;593;617;623;5;i;
115;593;617;638;5;i;
116;593;617;644;5;i;
117;593;617;648;5;i;
118;593;617;640;5;i;
119;593;617;629;5;i;
120;593;;638;5;i;
121;593;;667;5;i;
122;593;;670;5;i;
123;593;;603;5;i;
124;600;601;603;17;inObject;
125;600;601;617;17;inObject;
126;600;629;630;17;inObject;
127;600;629;632;17;inObject;
128;600;674;675;17;inObject;
129;600;674;678;17;inObject;
130;600;623;624;17;inObject;
131;600;623;626;17;inObject;
132;605;;676;3;this._currToken;
133;606;607;608;5;i;
134;606;607;610;5;i;
135;606;;608;5;i;
136;610;617;670;5;i;
137;610;617;619;5;i;
138;610;617;667;5;i;
139;610;617;623;5;i;
140;610;617;638;5;i;
141;610;617;644;5;i;
142;610;617;648;5;i;
143;610;617;640;5;i;
144;610;617;629;5;i;
145;610;;638;5;i;
146;610;;667;5;i;
147;610;;670;5;i;
148;620;;678;18;t;
149;620;;679;18;t;
150;620;;675;18;t;
151;626;;678;18;t;
152;626;;679;18;t;
153;626;;675;18;t;
154;632;;678;18;t;
155;632;;679;18;t;
156;632;;675;18;t;
157;641;;678;18;t;
158;641;;679;18;t;
159;641;;675;18;t;
160;645;;678;18;t;
161;645;;679;18;t;
162;645;;675;18;t;
163;649;;678;18;t;
164;649;;679;18;t;
165;649;;675;18;t;
166;667;;678;18;t;
167;667;;679;18;t;
168;667;;675;18;t;
169;670;;678;18;t;
170;670;;679;18;t;
171;670;;675;18;t;

Block Duas for method; nextToken;
Number;Def Block; Origin Block; Use Block; Var Id; Var Name;
1;0;0;38;0;this;
;541;547;548;0;this;
2;0;0;1;0;this;
;541;547;550;0;this;
3;0;1;37;0;this;
;541;550;551;0;this;
4;0;1;2;0;this;
;541;550;553;0;this;
5;0;;2;0;this;
;541;;553;0;this;
6;0;;3;0;this;
;541;;565;0;this;
;541;;566;0;this;
;541;;567;0;this;
;541;;570;0;this;
7;0;5;27;0;this;
;541;589;590;0;this;
8;0;5;6;0;this;
;541;589;600;0;this;
9;0;;6;0;this;
;541;;600;0;this;
10;0;;11;0;this;
;541;;678;0;this;
11;0;;12;0;this;
;541;;675;0;this;
;541;;676;0;this;
12;0;;13;0;this;
;541;;630;0;this;
13;0;;14;0;this;
;541;;640;0;this;
14;0;;15;0;this;
;541;;648;0;this;
15;0;;16;0;this;
;541;;644;0;this;
16;0;;17;0;this;
;541;;638;0;this;
17;0;;20;0;this;
;541;;624;0;this;
18;0;;21;0;this;
;541;;667;0;this;
19;0;;22;0;this;
;541;;619;0;this;
20;0;;23;0;this;
;541;;670;0;this;
21;0;;24;0;this;
;541;;603;0;this;
;541;;604;0;this;
;541;;605;0;this;
;541;;606;0;this;
22;0;;25;0;this;
;541;;610;0;this;
23;0;;26;0;this;
;541;;608;0;this;
24;0;;28;0;this;
;541;;593;0;this;
25;0;;29;0;this;
;541;;591;0;this;
26;0;30;32;0;this;
;541;581;582;0;this;
27;0;30;31;0;this;
;541;581;584;0;this;
28;0;;31;0;this;
;541;;584;0;this;
;541;;585;0;this;
29;0;;32;0;this;
;541;;582;0;this;
30;0;33;35;0;this;
;541;574;575;0;this;
31;0;33;34;0;this;
;541;574;577;0;this;
32;0;;34;0;this;
;541;;577;0;this;
;541;;578;0;this;
33;0;;35;0;this;
;541;;575;0;this;
34;0;;36;0;this;
;541;;558;0;this;
;541;;559;0;this;
35;0;;37;0;this;
;541;;551;0;this;
36;0;;38;0;this;
;541;;548;0;this;
37;0;0;38;1;FIELD_NAME;
;541;547;548;2;FIELD_NAME;
38;0;0;1;1;FIELD_NAME;
;541;547;550;2;FIELD_NAME;
39;0;;24;1;FIELD_NAME;
;541;;605;2;FIELD_NAME;
40;0;0;38;2;this._currToken;
;541;547;548;3;this._currToken;
41;0;0;1;2;this._currToken;
;541;547;550;3;this._currToken;
42;0;;12;2;this._currToken;
;541;;676;3;this._currToken;
43;0;1;37;3;this._tokenIncomplete;
;541;550;551;4;this._tokenIncomplete;
44;0;1;2;3;this._tokenIncomplete;
;541;550;553;4;this._tokenIncomplete;
45;0;;3;4;this._currInputProcessed;
;541;;565;7;this._currInputProcessed;
46;0;;3;5;this._inputPtr;
;541;;565;8;this._inputPtr;
;541;;567;8;this._inputPtr;
47;0;;3;6;this._currInputRow;
;541;;566;10;this._currInputRow;
48;0;;3;7;this._currInputRowStart;
;541;;567;12;this._currInputRowStart;
49;0;5;27;8;this._parsingContext;
;541;589;590;14;this._parsingContext;
50;0;5;6;8;this._parsingContext;
;541;589;600;14;this._parsingContext;
51;0;;6;8;this._parsingContext;
;541;;600;14;this._parsingContext;
52;0;;13;8;this._parsingContext;
;541;;630;14;this._parsingContext;
53;0;;20;8;this._parsingContext;
;541;;624;14;this._parsingContext;
54;0;;24;8;this._parsingContext;
;541;;604;14;this._parsingContext;
55;0;;29;8;this._parsingContext;
;541;;591;14;this._parsingContext;
56;0;30;32;8;this._parsingContext;
;541;581;582;14;this._parsingContext;
57;0;30;31;8;this._parsingContext;
;541;581;584;14;this._parsingContext;
58;0;;31;8;this._parsingContext;
;541;;584;14;this._parsingContext;
59;0;33;35;8;this._parsingContext;
;541;574;575;14;this._parsingContext;
60;0;33;34;8;this._parsingContext;
;541;574;577;14;this._parsingContext;
61;0;;34;8;this._parsingContext;
;541;;577;14;this._parsingContext;
62;0;;34;9;END_ARRAY;
;541;;578;15;END_ARRAY;
;541;;578;15;END_ARRAY;
63;0;;31;10;END_OBJECT;
;541;;585;16;END_OBJECT;
;541;;585;16;END_OBJECT;
64;0;;22;11;VALUE_STRING;
;541;;620;19;VALUE_STRING;
65;0;;19;12;START_ARRAY;
;541;;626;20;START_ARRAY;
66;0;;9;13;START_OBJECT;
;541;;632;21;START_OBJECT;
67;0;;14;14;VALUE_TRUE;
;541;;641;22;VALUE_TRUE;
68;0;;16;15;VALUE_FALSE;
;541;;645;23;VALUE_FALSE;
69;0;;15;16;VALUE_NULL;
;541;;649;24;VALUE_NULL;
70;2;2;36;17;i;
;553;554;558;5;i;
71;2;2;3;17;i;
;553;554;565;5;i;
72;2;3;33;17;i;
;553;573;574;5;i;
73;2;3;4;17;i;
;553;573;580;5;i;
74;2;4;30;17;i;
;553;580;581;5;i;
75;2;4;5;17;i;
;553;580;589;5;i;
76;2;7;23;17;i;
;553;617;670;5;i;
77;2;7;22;17;i;
;553;617;619;5;i;
78;2;7;21;17;i;
;553;617;667;5;i;
79;2;7;18;17;i;
;553;617;623;5;i;
80;2;7;17;17;i;
;553;617;638;5;i;
81;2;7;16;17;i;
;553;617;644;5;i;
82;2;7;15;17;i;
;553;617;648;5;i;
83;2;7;14;17;i;
;553;617;640;5;i;
84;2;7;8;17;i;
;553;617;629;5;i;
85;2;;17;17;i;
;553;;638;5;i;
86;2;;21;17;i;
;553;;667;5;i;
87;2;;23;17;i;
;553;;670;5;i;
88;2;;24;17;i;
;553;;603;5;i;
89;2;27;29;17;i;
;553;590;591;5;i;
90;2;27;28;17;i;
;553;590;593;5;i;
91;2;;29;17;i;
;553;;591;5;i;
92;2;;32;17;i;
;553;;582;5;i;
93;2;;35;17;i;
;553;;575;5;i;
94;3;;13;18;this._tokenInputRow;
;566;;630;9;this._tokenInputRow;
95;3;;20;18;this._tokenInputRow;
;566;;624;9;this._tokenInputRow;
96;3;;13;19;this._tokenInputCol;
;567;;630;11;this._tokenInputCol;
97;3;;20;19;this._tokenInputCol;
;567;;624;11;this._tokenInputCol;
98;28;7;23;17;i;
;593;617;670;5;i;
99;28;7;22;17;i;
;593;617;619;5;i;
100;28;7;21;17;i;
;593;617;667;5;i;
101;28;7;18;17;i;
;593;617;623;5;i;
102;28;7;17;17;i;
;593;617;638;5;i;
103;28;7;16;17;i;
;593;617;644;5;i;
104;28;7;15;17;i;
;593;617;648;5;i;
105;28;7;14;17;i;
;593;617;640;5;i;
106;28;7;8;17;i;
;593;617;629;5;i;
107;28;;17;17;i;
;593;;638;5;i;
108;28;;21;17;i;
;593;;667;5;i;
109;28;;23;17;i;
;593;;670;5;i;
110;28;;24;17;i;
;593;;603;5;i;
111;6;6;24;20;inObject;
;600;601;603;17;inObject;
112;6;6;7;20;inObject;
;600;601;617;17;inObject;
113;6;8;13;20;inObject;
;600;629;630;17;inObject;
114;6;8;9;20;inObject;
;600;629;632;17;inObject;
115;6;10;12;20;inObject;
;600;674;675;17;inObject;
116;6;10;11;20;inObject;
;600;674;678;17;inObject;
117;6;18;20;20;inObject;
;600;623;624;17;inObject;
118;6;18;19;20;inObject;
;600;623;626;17;inObject;
119;24;;12;2;this._currToken;
;605;;676;3;this._currToken;
120;24;24;26;17;i;
;606;607;608;5;i;
121;24;24;25;17;i;
;606;607;610;5;i;
122;24;;26;17;i;
;606;;608;5;i;
123;25;7;23;17;i;
;610;617;670;5;i;
124;25;7;22;17;i;
;610;617;619;5;i;
125;25;7;21;17;i;
;610;617;667;5;i;
126;25;7;18;17;i;
;610;617;623;5;i;
127;25;7;17;17;i;
;610;617;638;5;i;
128;25;7;16;17;i;
;610;617;644;5;i;
129;25;7;15;17;i;
;610;617;648;5;i;
130;25;7;14;17;i;
;610;617;640;5;i;
131;25;7;8;17;i;
;610;617;629;5;i;
132;25;;17;17;i;
;610;;638;5;i;
133;25;;21;17;i;
;610;;667;5;i;
134;25;;23;17;i;
;610;;670;5;i;
135;22;;11;21;t;
;620;;678;18;t;
;620;;679;18;t;
136;22;;12;21;t;
;620;;675;18;t;
137;19;;11;21;t;
;626;;678;18;t;
;626;;679;18;t;
138;19;;12;21;t;
;626;;675;18;t;
139;9;;11;21;t;
;632;;678;18;t;
;632;;679;18;t;
140;9;;12;21;t;
;632;;675;18;t;
141;14;;11;21;t;
;641;;678;18;t;
;641;;679;18;t;
142;14;;12;21;t;
;641;;675;18;t;
143;16;;11;21;t;
;645;;678;18;t;
;645;;679;18;t;
144;16;;12;21;t;
;645;;675;18;t;
145;15;;11;21;t;
;649;;678;18;t;
;649;;679;18;t;
146;15;;12;21;t;
;649;;675;18;t;
147;21;;11;21;t;
;667;;678;18;t;
;667;;679;18;t;
148;21;;12;21;t;
;667;;675;18;t;
149;23;;11;21;t;
;670;;678;18;t;
;670;;679;18;t;
150;23;;12;21;t;
;670;;675;18;t;
